filename,relative_path,extension,file_size,source_guess,geographic_coverage,temporal_coverage,row_count,column_count,apparent_identifier,coordinate_fields,apparent_role,raw_or_derived,issues,notes
copenhagen_statbank_district_context_2026-09-22.csv,data/interim/copenhagen_statbank_district_context_2026-09-22.csv,.csv,914,City of Copenhagen Statbank,10 Copenhagen municipality districts,population/households 2026Q3; income 2024; dwellings 2026; retrieved 2026-09-22,10,9,district_name_statbank,,derived context crosswalk,derived,historical household Q3 context; superseded by Q1 extract,Profiled as tabular data
copenhagen_statbank_district_context_2026-09-29.csv,data/interim/copenhagen_statbank_district_context_2026-09-29.csv,.csv,914,City of Copenhagen Statbank,10 Copenhagen municipality districts,population 2026Q3; households 2026Q1; income 2024; dwellings 2026; retrieved 2026-09-29,10,9,district_name_statbank,,derived context crosswalk,derived,see tabular profile and source metadata,Profiled as tabular data
frederiksberg_statbank_municipality_context_2026-09-22.csv,data/interim/frederiksberg_statbank_municipality_context_2026-09-22.csv,.csv,363,Statistics Denmark StatBank,Frederiksberg municipality (147),population 2026Q3; households 2026-01-01; income 2024; dwellings 2026,1,11,district_name_statbank,,derived context crosswalk,derived,superseded; resident_count_statbank incorrectly duplicates population,Profiled as tabular data
municipality_statbank_context_2026-09-29.csv,data/interim/municipality_statbank_context_2026-09-29.csv,.csv,520,Statistics Denmark StatBank,Copenhagen (101) and Frederiksberg (147) municipalities,population 2026Q3; households 2026-01-01; income 2024; dwellings 2026,2,10,municipality_code,,derived context crosswalk,derived,municipality resolution only; not neighbourhood values,Profiled as tabular data
collection_summary.json,data/metadata/collection_summary.json,.json,237,project metadata,project-wide,see file metadata,,,,,provenance/selection metadata,metadata,see tabular profile and source metadata,Nested/non-tabular file; row count is elements/features where applicable
copenhagen_statbank_run.json,data/metadata/copenhagen_statbank_run.json,.json,9665,City of Copenhagen Statbank,10 Copenhagen municipality districts,see file metadata,,,,,provenance/selection metadata,metadata,see tabular profile and source metadata,Nested/non-tabular file; row count is elements/features where applicable
frederiksberg_statbank_run.json,data/metadata/frederiksberg_statbank_run.json,.json,10232,Statistics Denmark StatBank,Frederiksberg municipality (147),see file metadata,,,,,provenance/selection metadata,metadata,historical municipality-only extraction; superseded for analysis,Nested/non-tabular file; row count is elements/features where applicable
municipality_statbank_run.json,data/metadata/municipality_statbank_run.json,.json,5903,Statistics Denmark StatBank,Copenhagen (101) and Frederiksberg (147) municipalities,see file metadata,,,,,provenance/selection metadata,metadata,municipality resolution only; not neighbourhood values,Nested/non-tabular file; row count is elements/features where applicable
pipeline_run.json,data/metadata/pipeline_run.json,.json,11087,project metadata,project-wide,see file metadata,,,,,provenance/selection metadata,metadata,see tabular profile and source metadata,Nested/non-tabular file; row count is elements/features where applicable
source_manifest.json,data/metadata/source_manifest.json,.json,28036,project metadata,project-wide,see file metadata,,,,,provenance/selection metadata,metadata,see tabular profile and source metadata,Nested/non-tabular file; row count is elements/features where applicable
listing_accessibility.csv.gz,data/processed/copenhagen/2026-06-30/listing_accessibility.csv.gz,.csv.gz,4028607,local derived pipeline,Copenhagen + Frederiksberg listing area,Inside Airbnb 2026-06-30/07-04; OSM 2026-09-21; context 2024-2026,23144,101,listing_id,"latitude, longitude, x_utm32_m, y_utm32_m",derived listing analytical table,derived,retains row-level coordinates; mixed district/municipality context; gitignored,Profiled as tabular data
listing_accessibility.parquet,data/processed/copenhagen/2026-06-30/listing_accessibility.parquet,.parquet,3958302,local derived pipeline,Copenhagen + Frederiksberg listing area,Inside Airbnb 2026-06-30/07-04; OSM 2026-09-21; context 2024-2026,23144,101,listing_id,"latitude, longitude, x_utm32_m, y_utm32_m",derived listing analytical table,derived,retains row-level coordinates; mixed district/municipality context; gitignored,Profiled as tabular data
KKBEF1.json,data/raw/copenhagen_statbank/2026-09-22/metadata/KKBEF1.json,.json,1529,City of Copenhagen Statbank,10 Copenhagen municipality districts,2026Q3,,,,,provenance/selection metadata,raw,see tabular profile and source metadata,Nested/non-tabular file; row count is elements/features where applicable
KKBOL3.json,data/raw/copenhagen_statbank/2026-09-22/metadata/KKBOL3.json,.json,1850,City of Copenhagen Statbank,10 Copenhagen municipality districts,2026,,,,,provenance/selection metadata,raw,see tabular profile and source metadata,Nested/non-tabular file; row count is elements/features where applicable
KKHUS1.json,data/raw/copenhagen_statbank/2026-09-22/metadata/KKHUS1.json,.json,1608,City of Copenhagen Statbank,10 Copenhagen municipality districts,2026Q3,,,,,provenance/selection metadata,raw,see tabular profile and source metadata,Nested/non-tabular file; row count is elements/features where applicable
KKIND3.json,data/raw/copenhagen_statbank/2026-09-22/metadata/KKIND3.json,.json,1604,City of Copenhagen Statbank,10 Copenhagen municipality districts,2024,,,,,provenance/selection metadata,raw,see tabular profile and source metadata,Nested/non-tabular file; row count is elements/features where applicable
KKBEF1.csv,data/raw/copenhagen_statbank/2026-09-22/tables/KKBEF1.csv,.csv,117,City of Copenhagen Statbank,10 Copenhagen municipality districts,2026Q3,1,14,,,source statistical table,raw,headerless wide CSV; KKBOL3 uses ISO-8859-1,Profiled as tabular data
KKBOL3.csv,data/raw/copenhagen_statbank/2026-09-22/tables/KKBOL3.csv,.csv,1286,City of Copenhagen Statbank,10 Copenhagen municipality districts,2026,10,9,field_5,,source statistical table,raw,headerless wide CSV; KKBOL3 uses ISO-8859-1,Profiled as tabular data
KKHUS1.csv,data/raw/copenhagen_statbank/2026-09-22/tables/KKHUS1.csv,.csv,136,City of Copenhagen Statbank,10 Copenhagen municipality districts,2026Q3,1,14,,,source statistical table,raw,headerless wide CSV; KKBOL3 uses ISO-8859-1,Profiled as tabular data
KKIND3.csv,data/raw/copenhagen_statbank/2026-09-22/tables/KKIND3.csv,.csv,168,City of Copenhagen Statbank,10 Copenhagen municipality districts,2024,1,14,,,source statistical table,raw,headerless wide CSV; KKBOL3 uses ISO-8859-1,Profiled as tabular data
KKBEF1.json,data/raw/copenhagen_statbank/2026-09-29/metadata/KKBEF1.json,.json,1528,City of Copenhagen Statbank,10 Copenhagen municipality districts,2026Q3,,,,,provenance/selection metadata,raw,see tabular profile and source metadata,Nested/non-tabular file; row count is elements/features where applicable
KKBOL3.json,data/raw/copenhagen_statbank/2026-09-29/metadata/KKBOL3.json,.json,1849,City of Copenhagen Statbank,10 Copenhagen municipality districts,2026,,,,,provenance/selection metadata,raw,see tabular profile and source metadata,Nested/non-tabular file; row count is elements/features where applicable
KKHUS1.json,data/raw/copenhagen_statbank/2026-09-29/metadata/KKHUS1.json,.json,1607,City of Copenhagen Statbank,10 Copenhagen municipality districts,2026Q1 (1 January 2026),,,,,provenance/selection metadata,raw,see tabular profile and source metadata,Nested/non-tabular file; row count is elements/features where applicable
KKIND3.json,data/raw/copenhagen_statbank/2026-09-29/metadata/KKIND3.json,.json,1603,City of Copenhagen Statbank,10 Copenhagen municipality districts,2024,,,,,provenance/selection metadata,raw,see tabular profile and source metadata,Nested/non-tabular file; row count is elements/features where applicable
KKBEF1.csv,data/raw/copenhagen_statbank/2026-09-29/tables/KKBEF1.csv,.csv,117,City of Copenhagen Statbank,10 Copenhagen municipality districts,2026Q3,1,14,,,source statistical table,raw,headerless wide CSV; KKBOL3 uses ISO-8859-1,Profiled as tabular data
KKBOL3.csv,data/raw/copenhagen_statbank/2026-09-29/tables/KKBOL3.csv,.csv,1286,City of Copenhagen Statbank,10 Copenhagen municipality districts,2026,10,9,field_5,,source statistical table,raw,headerless wide CSV; KKBOL3 uses ISO-8859-1,Profiled as tabular data
KKHUS1.csv,data/raw/copenhagen_statbank/2026-09-29/tables/KKHUS1.csv,.csv,136,City of Copenhagen Statbank,10 Copenhagen municipality districts,2026Q1 (1 January 2026),1,14,,,source statistical table,raw,headerless wide CSV; KKBOL3 uses ISO-8859-1,Profiled as tabular data
KKIND3.csv,data/raw/copenhagen_statbank/2026-09-29/tables/KKIND3.csv,.csv,168,City of Copenhagen Statbank,10 Copenhagen municipality districts,2024,1,14,,,source statistical table,raw,headerless wide CSV; KKBOL3 uses ISO-8859-1,Profiled as tabular data
BOL101.json,data/raw/frederiksberg_statbank/2026-09-22/metadata/BOL101.json,.json,1551,Statistics Denmark StatBank,Frederiksberg municipality (147),2026,,,,,provenance/selection metadata,raw,historical municipality-only extraction; superseded for analysis,Nested/non-tabular file; row count is elements/features where applicable
BOL106.json,data/raw/frederiksberg_statbank/2026-09-22/metadata/BOL106.json,.json,1316,Statistics Denmark StatBank,Frederiksberg municipality (147),2026,,,,,provenance/selection metadata,raw,historical municipality-only extraction; superseded for analysis,Nested/non-tabular file; row count is elements/features where applicable
FAM55N.json,data/raw/frederiksberg_statbank/2026-09-22/metadata/FAM55N.json,.json,1305,Statistics Denmark StatBank,Frederiksberg municipality (147),2026-01-01,,,,,provenance/selection metadata,raw,historical municipality-only extraction; superseded for analysis,Nested/non-tabular file; row count is elements/features where applicable
FOLK1A.json,data/raw/frederiksberg_statbank/2026-09-22/metadata/FOLK1A.json,.json,1306,Statistics Denmark StatBank,Frederiksberg municipality (147),2026Q3,,,,,provenance/selection metadata,raw,historical municipality-only extraction; superseded for analysis,Nested/non-tabular file; row count is elements/features where applicable
INDKP106.json,data/raw/frederiksberg_statbank/2026-09-22/metadata/INDKP106.json,.json,1374,Statistics Denmark StatBank,Frederiksberg municipality (147),2024,,,,,provenance/selection metadata,raw,historical municipality-only extraction; superseded for analysis,Nested/non-tabular file; row count is elements/features where applicable
BOL101.csv,data/raw/frederiksberg_statbank/2026-09-22/tables/BOL101.csv,.csv,2719746,Statistics Denmark StatBank,Frederiksberg municipality (147),2026,16632,8,OMRÅDE+BEBO+ANVENDELSE+UDLFORH+EJER+OPFØRELSESÅR+TID,,source statistical table,raw,historical municipality-only extraction; superseded for analysis,Profiled as tabular data
BOL106.csv,data/raw/frederiksberg_statbank/2026-09-22/tables/BOL106.csv,.csv,128,Statistics Denmark StatBank,Frederiksberg municipality (147),2026,1,5,OMRÅDE+ENHED+ANVENDELSE+TID,,source statistical table,raw,historical municipality-only extraction; superseded for analysis,Profiled as tabular data
FAM55N.csv,data/raw/frederiksberg_statbank/2026-09-22/tables/FAM55N.csv,.csv,24742,Statistics Denmark StatBank,Frederiksberg municipality (147),2026-01-01,288,6,OMRÅDE+HUSTYP+HUSSTØR+ANTBORNH+TID,,source statistical table,raw,historical municipality-only extraction; superseded for analysis,Profiled as tabular data
FOLK1A.csv,data/raw/frederiksberg_statbank/2026-09-22/tables/FOLK1A.csv,.csv,122,Statistics Denmark StatBank,Frederiksberg municipality (147),2026Q3,1,6,OMRÅDE+KØN+ALDER+CIVILSTAND+TID,,source statistical table,raw,historical municipality-only extraction; superseded for analysis,Profiled as tabular data
INDKP106.csv,data/raw/frederiksberg_statbank/2026-09-22/tables/INDKP106.csv,.csv,179,Statistics Denmark StatBank,Frederiksberg municipality (147),2024,1,7,OMRÅDE+ENHED+KOEN+ALDER1+INDKINTB+TID,,source statistical table,raw,historical municipality-only extraction; superseded for analysis,Profiled as tabular data
calendar.csv.gz,data/raw/inside_airbnb/copenhagen/2026-06-30/data/calendar.csv.gz,.csv.gz,19620185,Inside Airbnb,Copenhagen + Frederiksberg listing area,calendar dates 2026-06-30 to 2027-07-03; download snapshot 2026-06-30,8448291,5,listing_id+date,,calendar availability and restrictions,raw,no calendar price; availability is not occupancy/bookings,Profiled as tabular data
listings.csv.gz,data/raw/inside_airbnb/copenhagen/2026-06-30/data/listings.csv.gz,.csv.gz,11696366,Inside Airbnb,Copenhagen + Frederiksberg listing area,snapshot 2026-06-30; detailed scrape 2026-06-30 to 2026-07-04,23144,90,id,"latitude, longitude",listing outcomes/controls,raw,9284 missing prices; instant_bookable entirely missing; anonymised coordinates; identifying free text,Profiled as tabular data
reviews.csv.gz,data/raw/inside_airbnb/copenhagen/2026-06-30/data/reviews.csv.gz,.csv.gz,60123009,Inside Airbnb,Copenhagen + Frederiksberg listing area,review dates 2010-06-17 to 2026-07-03; download snapshot 2026-06-30,471781,6,id,,review activity/history,raw,contains reviewer identifiers/names and free-text comments,Profiled as tabular data
snapshot_metadata.json,data/raw/inside_airbnb/copenhagen/2026-06-30/snapshot_metadata.json,.json,802,Inside Airbnb,Copenhagen + Frederiksberg listing area,snapshot 2026-06-30; detailed scrape 2026-06-30 to 2026-07-04,,,,,provenance/selection metadata,raw,see tabular profile and source metadata,Nested/non-tabular file; row count is elements/features where applicable
listings.csv,data/raw/inside_airbnb/copenhagen/2026-06-30/visualisations/listings.csv,.csv,4040549,Inside Airbnb,Copenhagen + Frederiksberg listing area,snapshot 2026-06-30; detailed scrape 2026-06-30 to 2026-07-04,23146,19,id,"latitude, longitude",listing outcomes/controls,raw,2 IDs absent from detailed listings; not primary source,Profiled as tabular data
neighbourhoods.csv,data/raw/inside_airbnb/copenhagen/2026-06-30/visualisations/neighbourhoods.csv,.csv,169,Inside Airbnb,Copenhagen + Frederiksberg listing area,snapshot 2026-06-30; detailed scrape 2026-06-30 to 2026-07-04,11,2,neighbourhood,,neighbourhood lookup,raw,see tabular profile and source metadata,Profiled as tabular data
neighbourhoods.geojson,data/raw/inside_airbnb/copenhagen/2026-06-30/visualisations/neighbourhoods.geojson,.geojson,146637,Inside Airbnb,Copenhagen + Frederiksberg listing area,snapshot 2026-06-30; detailed scrape 2026-06-30 to 2026-07-04,11,2,neighbourhood,geometry,neighbourhood polygons,raw,provider polygons not geometrically validated; one Frederiksberg polygon,Nested/non-tabular file; row count is elements/features where applicable
reviews.csv,data/raw/inside_airbnb/copenhagen/2026-06-30/visualisations/reviews.csv,.csv,11298408,Inside Airbnb,Copenhagen + Frederiksberg listing area,review dates 2010-06-17 to 2026-07-03; download snapshot 2026-06-30,471781,2,listing_id+date,,review activity/history,raw,7570 repeated listing_id/date rows expected without review ID,Profiled as tabular data
BOL101.json,data/raw/municipality_statbank/2026-09-29/tableinfo/BOL101.json,.json,7405,Statistics Denmark StatBank,Copenhagen (101) and Frederiksberg (147) municipalities,2026,,,,,provenance/selection metadata,raw,municipality resolution only; not neighbourhood values,Nested/non-tabular file; row count is elements/features where applicable
BOL106.json,data/raw/municipality_statbank/2026-09-29/tableinfo/BOL106.json,.json,6109,Statistics Denmark StatBank,Copenhagen (101) and Frederiksberg (147) municipalities,2026,,,,,provenance/selection metadata,raw,municipality resolution only; not neighbourhood values,Nested/non-tabular file; row count is elements/features where applicable
FAM55N.json,data/raw/municipality_statbank/2026-09-29/tableinfo/FAM55N.json,.json,6181,Statistics Denmark StatBank,Copenhagen (101) and Frederiksberg (147) municipalities,2026-01-01,,,,,provenance/selection metadata,raw,municipality resolution only; not neighbourhood values,Nested/non-tabular file; row count is elements/features where applicable
FOLK1A.json,data/raw/municipality_statbank/2026-09-29/tableinfo/FOLK1A.json,.json,10747,Statistics Denmark StatBank,Copenhagen (101) and Frederiksberg (147) municipalities,2026Q3,,,,,provenance/selection metadata,raw,municipality resolution only; not neighbourhood values,Nested/non-tabular file; row count is elements/features where applicable
INDKP106.json,data/raw/municipality_statbank/2026-09-29/tableinfo/INDKP106.json,.json,7293,Statistics Denmark StatBank,Copenhagen (101) and Frederiksberg (147) municipalities,2024,,,,,provenance/selection metadata,raw,municipality resolution only; not neighbourhood values,Nested/non-tabular file; row count is elements/features where applicable
BOL101.csv,data/raw/municipality_statbank/2026-09-29/tables/BOL101.csv,.csv,5390176,Statistics Denmark StatBank,Copenhagen (101) and Frederiksberg (147) municipalities,2026,33264,8,OMRÅDE+BEBO+ANVENDELSE+UDLFORH+EJER+OPFØRELSESÅR+TID,,source statistical table,raw,municipality resolution only; not neighbourhood values,Profiled as tabular data
BOL106.csv,data/raw/municipality_statbank/2026-09-29/tables/BOL106.csv,.csv,212,Statistics Denmark StatBank,Copenhagen (101) and Frederiksberg (147) municipalities,2026,2,5,OMRÅDE+ENHED+ANVENDELSE+TID,,source statistical table,raw,municipality resolution only; not neighbourhood values,Profiled as tabular data
FAM55N.csv,data/raw/municipality_statbank/2026-09-29/tables/FAM55N.csv,.csv,48618,Statistics Denmark StatBank,Copenhagen (101) and Frederiksberg (147) municipalities,2026-01-01,576,6,OMRÅDE+HUSTYP+HUSSTØR+ANTBORNH+TID,,source statistical table,raw,municipality resolution only; not neighbourhood values,Profiled as tabular data
FOLK1A.csv,data/raw/municipality_statbank/2026-09-29/tables/FOLK1A.csv,.csv,195,Statistics Denmark StatBank,Copenhagen (101) and Frederiksberg (147) municipalities,2026Q3,2,6,OMRÅDE+KØN+ALDER+CIVILSTAND+TID,,source statistical table,raw,municipality resolution only; not neighbourhood values,Profiled as tabular data
INDKP106.csv,data/raw/municipality_statbank/2026-09-29/tables/INDKP106.csv,.csv,304,Statistics Denmark StatBank,Copenhagen (101) and Frederiksberg (147) municipalities,2024,2,7,OMRÅDE+ENHED+KOEN+ALDER1+INDKINTB+TID,,source statistical table,raw,municipality resolution only; not neighbourhood values,Profiled as tabular data
extraction_metadata.json,data/raw/osm/copenhagen/2026-09-21/extraction_metadata.json,.json,1752,OpenStreetMap via Overpass,Copenhagen/Frederiksberg buffered listing bbox,OSM timestamp 2026-09-21,,,,,provenance/selection metadata,raw,OSM tag/coverage variation; extracted after Airbnb snapshot,Nested/non-tabular file; row count is elements/features where applicable
amenities_and_transport.overpassql,data/raw/osm/copenhagen/2026-09-21/queries/amenities_and_transport.overpassql,.overpassql,678,OpenStreetMap via Overpass,Copenhagen/Frederiksberg buffered listing bbox,OSM timestamp 2026-09-21,,,,,saved extraction query,raw,OSM tag/coverage variation; extracted after Airbnb snapshot,Nested/non-tabular file; row count is elements/features where applicable
walking_network.overpassql,data/raw/osm/copenhagen/2026-09-21/queries/walking_network.overpassql,.overpassql,173,OpenStreetMap via Overpass,Copenhagen/Frederiksberg buffered listing bbox,OSM timestamp 2026-09-21,,,,,saved extraction query,raw,OSM tag/coverage variation; extracted after Airbnb snapshot,Nested/non-tabular file; row count is elements/features where applicable
amenities_and_transport.json,data/raw/osm/copenhagen/2026-09-21/responses/amenities_and_transport.json,.json,6237441,OpenStreetMap via Overpass,Copenhagen/Frederiksberg buffered listing bbox,OSM timestamp 2026-09-21,20622,,,OSM element geometry,OSM network/POI response,raw,OSM tag/coverage variation; extracted after Airbnb snapshot,Nested/non-tabular file; row count is elements/features where applicable
walking_network.json,data/raw/osm/copenhagen/2026-09-21/responses/walking_network.json,.json,39810430,OpenStreetMap via Overpass,Copenhagen/Frederiksberg buffered listing bbox,OSM timestamp 2026-09-21,306424,,,OSM element geometry,OSM network/POI response,raw,OSM tag/coverage variation; extracted after Airbnb snapshot,Nested/non-tabular file; row count is elements/features where applicable
